{"train": {"accuracy": [0.76, 0.73, 0.81, 0.85, 0.82, 0.79, 0.89, 0.7, 0.82, 0.86, 0.86, 0.85, 0.81, 0.93, 0.85, 0.86, 0.87, 0.89, 0.85, 0.88, 0.85, 0.92, 0.88, 0.87, 0.92, 0.92, 0.86, 0.92, 0.91, 0.95, 0.94, 0.92, 0.93, 0.89, 0.94, 0.95, 0.93, 0.91, 0.91, 0.95, 0.95, 0.89, 0.91, 0.92, 0.92, 0.92, 0.92, 0.94, 0.93, 0.94, 0.89, 0.87, 0.94, 0.89, 0.93, 0.89, 0.93, 0.9, 0.95, 0.9, 0.9, 0.91, 0.91, 0.93, 0.94, 0.88, 0.93, 0.9, 0.94, 0.91, 0.9, 0.95, 0.93, 0.93, 0.9, 0.92, 0.94], "recall_macro": [0.4935064935064935, 0.5494273658830621, 0.6007147498375568, 0.7896270396270396, 0.7611518915866742, 0.6927955352612887, 0.7934089298369951, 0.6877637130801688, 0.7638146167557933, 0.7874175545408422, 0.8400000000000001, 0.7757936507936507, 0.7404761904761905, 0.878317334839074, 0.7733100233100233, 0.8065099457504521, 0.7758620689655172, 0.8152680652680653, 0.769047619047619, 0.7873848334514528, 0.7872807017543859, 0.8518518518518519, 0.83125, 0.8652802893309222, 0.9103313840155945, 0.861842105263158, 0.796037296037296, 0.8461538461538461, 0.9077343421605717, 0.8529411764705883, 0.9270644966847499, 0.8586278586278586, 0.9240542066629023, 0.9125, 0.8549019607843137, 0.8984327908378542, 0.878317334839074, 0.877039627039627, 0.8643451143451144, 0.9353146853146853, 0.8885640025990903, 0.8757796257796258, 0.8556359252561784, 0.8508158508158508, 0.8260869565217391, 0.8901884340480831, 0.9046052631578947, 0.9320175438596491, 0.911904761904762, 0.9305477131564088, 0.8515269655620532, 0.7778782399035564, 0.9620253164556962, 0.8315850815850816, 0.8997085964060223, 0.8466666666666667, 0.9032549728752259, 0.8914473684210527, 0.8827913279132791, 0.7380952380952381, 0.91875, 0.8393970893970895, 0.8269230769230769, 0.8999999999999999, 0.9, 0.8686302010285181, 0.9028066528066527, 0.79785431959345, 0.8766937669376693, 0.8805759457933371, 0.8201754385964912, 0.9261517615176151, 0.8541666666666667, 0.9392998306041784, 0.9045736871823828, 0.8671328671328671, 0.9037698412698413], "recall_micro": [0.76, 0.73, 0.81, 0.85, 0.82, 0.79, 0.89, 0.7, 0.82, 0.86, 0.86, 0.85, 0.81, 0.93, 0.85, 0.86, 0.87, 0.89, 0.85, 0.88, 0.85, 0.92, 0.88, 0.87, 0.92, 0.92, 0.86, 0.92, 0.91, 0.95, 0.94, 0.92, 0.93, 0.89, 0.94, 0.95, 0.93, 0.91, 0.91, 0.95, 0.95, 0.89, 0.91, 0.92, 0.92, 0.92, 0.92, 0.94, 0.93, 0.94, 0.89, 0.87, 0.94, 0.89, 0.93, 0.89, 0.93, 0.9, 0.95, 0.9, 0.9, 0.91, 0.91, 0.93, 0.94, 0.88, 0.93, 0.9, 0.94, 0.91, 0.9, 0.95, 0.93, 0.93, 0.9, 0.92, 0.94], "precisions_mac": [0.3838383838383838, 0.5610119047619048, 0.6722222222222223, 0.7806324110671936, 0.7466666666666666, 0.7375, 0.8080357142857143, 0.6336336336336337, 0.8245614035087719, 0.8414707655213984, 0.8096163186012628, 0.8351416515973478, 0.7851496329757199, 0.91875, 0.7827004219409283, 0.7871259175607002, 0.9226190476190477, 0.8515269655620532, 0.8671215074723846, 0.7873848334514528, 0.7958780350084698, 0.9506172839506173, 0.8088578088578089, 0.8005952380952381, 0.8565782044042913, 0.9125000000000001, 0.796037296037296, 0.9512195121951219, 0.9041666666666667, 0.9715909090909092, 0.9000564652738565, 0.9312499999999999, 0.8903326403326404, 0.820543953375425, 0.9000884173297966, 0.9478319783197832, 0.91875, 0.8653303218520609, 0.8958215697346132, 0.9217955957086392, 0.9449404761904762, 0.8511413307430791, 0.86875, 0.9078590785907859, 0.9529411764705882, 0.861965039180229, 0.8835758835758836, 0.9095634095634095, 0.9201068479844585, 0.9066666666666667, 0.8152680652680653, 0.8123306233062331, 0.8888888888888888, 0.8429776974080772, 0.9277546777546778, 0.8563596491228069, 0.8898601398601399, 0.8541666666666667, 0.9431372549019608, 0.8555555555555556, 0.8323412698412699, 0.924301494476933, 0.9457831325301205, 0.8857745629897529, 0.9605263157894737, 0.856625961103573, 0.9133333333333333, 0.9137254901960785, 0.9136904761904762, 0.8695175438596491, 0.8956639566395663, 0.9087069525666016, 0.9578313253012047, 0.8859126984126984, 0.8479844584749878, 0.89375, 0.9462719298245614], "precisions_mic": [0.76, 0.73, 0.81, 0.85, 0.82, 0.79, 0.89, 0.7, 0.82, 0.86, 0.86, 0.85, 0.81, 0.93, 0.85, 0.86, 0.87, 0.89, 0.85, 0.88, 0.85, 0.92, 0.88, 0.87, 0.92, 0.92, 0.86, 0.92, 0.91, 0.95, 0.94, 0.92, 0.93, 0.89, 0.94, 0.95, 0.93, 0.91, 0.91, 0.95, 0.95, 0.89, 0.91, 0.92, 0.92, 0.92, 0.92, 0.94, 0.93, 0.94, 0.89, 0.87, 0.94, 0.89, 0.93, 0.89, 0.93, 0.9, 0.95, 0.9, 0.9, 0.91, 0.91, 0.93, 0.94, 0.88, 0.93, 0.9, 0.94, 0.91, 0.9, 0.95, 0.93, 0.93, 0.9, 0.92, 0.94], "f1s_mac": [0.43181818181818177, 0.5523130492455646, 0.6168582375478928, 0.7849462365591398, 0.7532894736842106, 0.7079682937004589, 0.8003992015968064, 0.6357455075279261, 0.7814473045167557, 0.8081140350877194, 0.8224251648909183, 0.7972699013380187, 0.756128866640996, 0.8963116575322174, 0.7778106947118946, 0.7960372960372961, 0.8136200716845878, 0.8312624635680319, 0.7972699013380187, 0.7873848334514528, 0.7914059240717564, 0.8870694522868436, 0.8191681735985534, 0.8243005811596162, 0.8794454490657022, 0.8834498834498836, 0.796037296037296, 0.8834498834498834, 0.9058478920389164, 0.8991732204073402, 0.9125874125874125, 0.8870694522868436, 0.9053926206244087, 0.8513312609812137, 0.8754152823920265, 0.9203694855868769, 0.8963116575322174, 0.8709677419354839, 0.8783619408028112, 0.9283154121863799, 0.9134199134199135, 0.8620689655172413, 0.8619420156465716, 0.875, 0.8700454840805718, 0.875, 0.8933333333333333, 0.9199999999999999, 0.915855271066234, 0.9177631578947367, 0.8312624635680319, 0.7929606625258799, 0.917763157894737, 0.8370611761220561, 0.9122257053291536, 0.8513312609812136, 0.8963116575322174, 0.8700623700623701, 0.9092723643621847, 0.7789566755083996, 0.8629385964912282, 0.8709677419354839, 0.8666864168271368, 0.8926215677251113, 0.923896499238965, 0.8621323529411764, 0.9078826161337017, 0.8375568551007146, 0.8936924167257265, 0.8748435544430537, 0.8493068113321278, 0.9170950091195491, 0.8926215677251113, 0.9078826161337018, 0.87006237006237, 0.8794454490657022, 0.9220374220374221], "f1s_mic": [0.76, 0.7299999999999999, 0.81, 0.85, 0.82, 0.79, 0.89, 0.7, 0.82, 0.8599999999999999, 0.8599999999999999, 0.85, 0.81, 0.93, 0.85, 0.8599999999999999, 0.87, 0.89, 0.85, 0.88, 0.85, 0.92, 0.88, 0.87, 0.92, 0.92, 0.8599999999999999, 0.92, 0.91, 0.9500000000000001, 0.94, 0.92, 0.93, 0.89, 0.94, 0.9500000000000001, 0.93, 0.91, 0.91, 0.9500000000000001, 0.9500000000000001, 0.89, 0.91, 0.92, 0.92, 0.92, 0.92, 0.94, 0.93, 0.94, 0.89, 0.87, 0.94, 0.89, 0.93, 0.89, 0.93, 0.9, 0.9500000000000001, 0.9, 0.9, 0.91, 0.91, 0.93, 0.94, 0.88, 0.93, 0.9, 0.94, 0.91, 0.9, 0.9500000000000001, 0.93, 0.93, 0.9, 0.92, 0.94],