{"train": {"accuracy": [0.79, 0.82, 0.75, 0.79, 0.74, 0.82, 0.71, 0.75, 0.75, 0.8, 0.79, 0.8, 0.8, 0.82, 0.83, 0.76, 0.8, 0.74, 0.77, 0.74, 0.72, 0.8, 0.79, 0.8, 0.78, 0.79, 0.79, 0.74, 0.83, 0.83, 0.72, 0.83, 0.75, 0.86, 0.81, 0.77, 0.81, 0.74, 0.79, 0.82, 0.81, 0.79, 0.82, 0.82, 0.84, 0.8, 0.83, 0.84, 0.75, 0.8, 0.87, 0.83, 0.85, 0.85, 0.86, 0.81, 0.82, 0.86, 0.91, 0.84, 0.87, 0.82, 0.86, 0.83, 0.89, 0.83, 0.87, 0.81, 0.88, 0.85, 0.84, 0.87, 0.76, 0.87, 0.86, 0.83, 0.89], "recall_macro": [0.5, 0.5, 0.5, 0.5, 0.5, 0.5, 0.5, 0.537037037037037, 0.5689655172413793, 0.6533333333333333, 0.6369463869463869, 0.6831140350877193, 0.7061680427391938, 0.7333333333333334, 0.657859078590786, 0.691468253968254, 0.7160940325497287, 0.6431585292344786, 0.6429539295392954, 0.6666666666666667, 0.6636904761904762, 0.7086247086247086, 0.6625, 0.6566911349520045, 0.6699561403508771, 0.7123015873015872, 0.6695804195804196, 0.6482213438735178, 0.7201927955352613, 0.7525617842073538, 0.6595365418894831, 0.7853430353430353, 0.650219298245614, 0.78125, 0.7, 0.6875, 0.6987179487179487, 0.6714285714285715, 0.6866666666666666, 0.6888111888111889, 0.6411764705882352, 0.7335526315789473, 0.7162162162162162, 0.7044649184975195, 0.7866666666666666, 0.6902286902286903, 0.7578921806702282, 0.75, 0.6599999999999999, 0.6811332127787824, 0.8340108401084011, 0.7676453980801807, 0.7666666666666666, 0.8385780885780886, 0.8123543123543124, 0.6984408221119773, 0.7278525868178597, 0.8128654970760234, 0.8653303218520609, 0.76, 0.8123700623700624, 0.7478882391163093, 0.809724170172978, 0.7676453980801807, 0.7905364677516576, 0.7516611295681064, 0.8200000000000001, 0.7698412698412699, 0.8458498023715415, 0.8194444444444444, 0.7588908981314044, 0.8299632352941176, 0.6722475900558093, 0.8051470588235294, 0.7796052631578947, 0.78, 0.8218520609824957], "recall_micro": [0.79, 0.82, 0.75, 0.79, 0.74, 0.82, 0.71, 0.75, 0.75, 0.8, 0.79, 0.8, 0.8, 0.82, 0.83, 0.76, 0.8, 0.74, 0.77, 0.74, 0.72, 0.8, 0.79, 0.8, 0.78, 0.79, 0.79, 0.74, 0.83, 0.83, 0.72, 0.83, 0.75, 0.86, 0.81, 0.77, 0.81, 0.74, 0.79, 0.82, 0.81, 0.79, 0.82, 0.82, 0.84, 0.8, 0.83, 0.84, 0.75, 0.8, 0.87, 0.83, 0.85, 0.85, 0.86, 0.81, 0.82, 0.86, 0.91, 0.84, 0.87, 0.82, 0.86, 0.83, 0.89, 0.83, 0.87, 0.81, 0.88, 0.85, 0.84, 0.87, 0.76, 0.87, 0.86, 0.83, 0.89], "precisions_mac": [0.395, 0.41, 0.375, 0.395, 0.37, 0.41, 0.355, 0.8724489795918368, 0.8697916666666667, 0.7541998231653404, 0.6843137254901961, 0.7262872628726287, 0.7758284600389863, 0.7637130801687764, 0.7060123784261716, 0.7006237006237006, 0.7024280067758328, 0.6266666666666667, 0.6271850512356841, 0.6746361746361746, 0.6571428571428571, 0.7086247086247086, 0.6689408706952567, 0.7176470588235294, 0.6937500000000001, 0.7416713721061547, 0.6890838206627681, 0.64, 0.8229166666666667, 0.7441724941724942, 0.6860706860706861, 0.7785388127853881, 0.6547148503670244, 0.78125, 0.7540650406504065, 0.66, 0.721572449642625, 0.687110187110187, 0.71875, 0.7410714285714286, 0.6339285714285714, 0.7161339421613394, 0.7818428184281843, 0.6874593892137751, 0.7866666666666666, 0.7479674796747967, 0.8094405594405594, 0.75, 0.6644736842105263, 0.6952566601689408, 0.7783738001129306, 0.7598684210526316, 0.8125, 0.7821758135016998, 0.7938596491228069, 0.675, 0.6937914406268837, 0.771880293619424, 0.877039627039627, 0.7938517179023508, 0.839356295878035, 0.7154150197628458, 0.8533333333333333, 0.7598684210526316, 0.8586309523809523, 0.6826401446654611, 0.8289473684210527, 0.7642059252064108, 0.8266666666666667, 0.8127731908693541, 0.7588908981314044, 0.8642820903094875, 0.691699604743083, 0.9002411091018685, 0.81875, 0.7728690228690229, 0.85625], "precisions_mic": [0.79, 0.82, 0.75, 0.79, 0.74, 0.82, 0.71, 0.75, 0.75, 0.8, 0.79, 0.8, 0.8, 0.82, 0.83, 0.76, 0.8, 0.74, 0.77, 0.74, 0.72, 0.8, 0.79, 0.8, 0.78, 0.79, 0.79, 0.74, 0.83, 0.83, 0.72, 0.83, 0.75, 0.86, 0.81, 0.77, 0.81, 0.74, 0.79, 0.82, 0.81, 0.79, 0.82, 0.82, 0.84, 0.8, 0.83, 0.84, 0.75, 0.8, 0.87, 0.83, 0.85, 0.85, 0.86, 0.81, 0.82, 0.86, 0.91, 0.84, 0.87, 0.82, 0.86, 0.83, 0.89, 0.83, 0.87, 0.81, 0.88, 0.85, 0.84, 0.87, 0.76, 0.87, 0.86, 0.83, 0.89], "f1s_mac": [0.44134078212290506, 0.45054945054945056, 0.42857142857142855, 0.44134078212290506, 0.42528735632183906, 0.45054945054945056, 0.4152046783625731, 0.495866102036701, 0.5463618218109235, 0.6751137102014295, 0.6517990383021057, 0.6986136226642556, 0.7258771929824561, 0.745906267645398, 0.6755105936247375, 0.69558599695586, 0.7086247086247086, 0.6329757199322417, 0.6336996336996337, 0.6702181633688484, 0.6600291403593977, 0.7086247086247086, 0.6655518394648829, 0.6751137102014295, 0.6794871794871795, 0.7236478484011054, 0.6778647031753336, 0.643640350877193, 0.7481854540068138, 0.7481854540068138, 0.6666666666666667, 0.7817995122577333, 0.6523432067862606, 0.78125, 0.718560213301733, 0.6702508960573477, 0.7085442552538732, 0.6775793650793651, 0.6989247311827955, 0.7076023391812866, 0.6373353693452949, 0.7236478484011054, 0.7377622377622377, 0.6951219512195121, 0.7866666666666666, 0.7086247086247086, 0.7762863534675615, 0.75, 0.662116502230031, 0.6875, 0.8005829114894922, 0.7635933806146572, 0.7849462365591398, 0.8026056060007896, 0.8023715415019763, 0.6849610346542861, 0.7076023391812865, 0.7890295358649789, 0.8709677419354839, 0.7741389045736871, 0.8243005811596161, 0.72875226039783, 0.8263888888888888, 0.7635933806146572, 0.8176090200630077, 0.7056277056277057, 0.8243005811596162, 0.7668997668997668, 0.8355263157894737, 0.8159735001840265, 0.7588908981314044, 0.8437312176944344, 0.68, 0.8331408034912078, 0.7960372960372959, 0.7762863534675615, 0.8370611761220559], "f1s_mic": [0.79, 0.82, 0.75, 0.79, 0.74, 0.82, 0.7100000000000001, 0.75, 0.75, 0.8000000000000002, 0.79, 0.8000000000000002, 0.8000000000000002, 0.82, 0.83, 0.76, 0.8000000000000002, 0.74, 0.7699999999999999, 0.74, 0.72, 0.8000000000000002, 0.79, 0.8000000000000002, 0.78, 0.79, 0.79, 0.74, 0.83, 0.83, 0.72, 0.83, 0.75, 0.8599999999999999, 0.81, 0.7699999999999999, 0.81, 0.74, 0.79, 0.82, 0.81, 0.79, 0.82, 0.82, 0.8399999999999999, 0.8000000000000002, 0.83, 0.8399999999999999, 0.75, 0.8000000000000002, 0.87, 0.83, 0.85, 0.85, 0.8599999999999999, 0.81, 0.82, 0.8599999999999999, 0.91, 0.8399999999999999, 0.87, 0.82, 0.8599999999999999, 0.83, 0.89, 0.83, 0.87, 0.81, 0.88, 0.85, 0.8399999999999999, 0.87, 0.76, 0.87, 0.8599999999999999, 0.83, 0.89], "losses": [0.6772900819778442, 0.5902953147888184, 0.6273069381713867, 0.5790261626243591, 0.6219409704208374, 0.5481182932853699, 0.6016804575920105, 0.5865489840507507, 0.5609965324401855, 0.5437354445457458, 0.4843578338623047, 0.4963945746421814, 0.4674948751926422, 0.44747644662857056, 0.4925525486469269, 0.4279614984989166, 0.36093634366989136, 0.4544866979122162, 0.48935645818710327, 0.36180761456489563, 0.43903911113739014, 0.45081278681755066, 0.4142961800098419, 0.3682878017425537, 0.45408186316490173, 0.24923892319202423, 0.2807074785232544, 0.33287665247917175, 0.3696509897708893, 0.22947756946086884, 0.3909187316894531, 0.1190870925784111, 0.3796144723892212, 0.18730531632900238, 0.27978843450546265, 0.20433251559734344, 0.05615110695362091, 0.36771050095558167, 0.5132256150245667, 0.3701896071434021, 0.424430251121521, 0.26248228549957275, 0.4431491494178772, 0.3999755084514618, 0.3648422658443451, 0.3660406768321991, -0.1284138709306717, 0.2626887857913971, 0.3687020540237427, 0.20637907087802887, 0.2730174660682678, 0.20888954401016235, 0.18254190683364868, 0.11400314420461655, 0.05813249573111534, 0.30221691727638245, 0.3613035976886749, 0.19791364669799805, -0.11717262119054794, 0.18053390085697174, 0.14290937781333923, 0.3199983239173889, -0.5969358682632446, 0.17166826128959656, -0.10372665524482727, 0.4361186921596527, -0.7731577754020691, 0.3298664093017578, 0.11213202029466629, -0.257720947265625, -0.6649025678634644, 0.05353909358382225, 0.5017167329788208, 0.1523631066083908, 0.273452490568161, -0.5424045324325562, -0.11485931277275085]},